-- phpMyAdmin SQL Dump
-- version 4.7.4
-- https://www.phpmyadmin.net/
--
-- Host: localhost
-- Tempo de geração: 15/04/2019 às 21:22
-- Versão do servidor: 5.7.24-0ubuntu0.16.04.1
-- Versão do PHP: 7.2.5-1+ubuntu16.04.1+deb.sury.org+1

SET SQL_MODE = "NO_AUTO_VALUE_ON_ZERO";
SET AUTOCOMMIT = 0;
START TRANSACTION;
SET time_zone = "+00:00";


/*!40101 SET @OLD_CHARACTER_SET_CLIENT=@@CHARACTER_SET_CLIENT */;
/*!40101 SET @OLD_CHARACTER_SET_RESULTS=@@CHARACTER_SET_RESULTS */;
/*!40101 SET @OLD_COLLATION_CONNECTION=@@COLLATION_CONNECTION */;
/*!40101 SET NAMES utf8mb4 */;

--
-- Banco de dados: `estoque`
--

-- --------------------------------------------------------

--
-- Estrutura para tabela `equipment`
--

CREATE TABLE `equipment` (
  `id` int(10) UNSIGNED NOT NULL,
  `model` int(10) UNSIGNED NOT NULL,
  `mac` varchar(191) COLLATE utf8mb4_unicode_ci NOT NULL,
  `ns` varchar(191) COLLATE utf8mb4_unicode_ci NOT NULL,
  `purchase_date` date NOT NULL,
  `equipment_status` int(11) NOT NULL DEFAULT '1',
  `created_at` timestamp NULL DEFAULT NULL,
  `updated_at` timestamp NULL DEFAULT NULL
) ENGINE=InnoDB DEFAULT CHARSET=utf8mb4 COLLATE=utf8mb4_unicode_ci;

--
-- Fazendo dump de dados para tabela `equipment`
--

INSERT INTO `equipment` (`id`, `model`, `mac`, `ns`, `purchase_date`, `equipment_status`, `created_at`, `updated_at`) VALUES
(1, 5, '180D2C18953D', 'BEPG4600552AB', '2018-12-28', 3, '2019-02-08 17:30:06', '2019-03-06 13:24:20'),
(2, 2, '180D2C18984B', 'BEPG46001138T', '2018-12-28', 3, '2019-02-08 17:31:44', '2019-03-04 18:25:28'),
(3, 5, '180D2C18954B', 'BEPG46005506F', '2018-12-28', 3, '2019-02-08 17:33:29', '2019-03-15 14:52:53'),
(4, 5, '180D2C189837', 'BEPG4600109WE', '2018-12-20', 3, '2019-02-08 17:35:48', '2019-02-28 16:40:52'),
(5, 5, '180D2C189849', 'BEPG4600117DP', '2018-12-28', 3, '2019-02-08 17:45:11', '2019-03-04 18:35:04'),
(6, 6, '001A3FFB2547', '0UCG3103419P0', '2019-01-22', 1, '2019-02-08 17:48:50', '2019-03-19 18:07:37'),
(7, 3, '001A3FFB20A9', '0UCG3103854EQ', '2019-01-22', 3, '2019-02-08 17:51:37', '2019-02-15 13:12:20'),
(8, 3, '001A3FFC7B50', '0UCG31034959R', '2019-01-22', 3, '2019-02-08 17:54:01', '2019-03-04 18:31:56'),
(9, 3, '001A3FE6F941', '0UCG2501253YK', '2019-01-22', 3, '2019-02-08 17:56:25', '2019-02-19 19:51:48'),
(10, 2, '001A3F7DB96C', '4R7G1406902YO', '2019-02-05', 3, '2019-02-08 17:59:37', '2019-03-13 20:56:48'),
(11, 4, '180D2C1BA2BE', 'R1VG46101305L', '2019-11-23', 3, '2019-02-08 18:01:07', '2019-02-19 19:59:49'),
(12, 4, '180D2C1BA2BC', 'R1VG4610133Y8', '2018-11-23', 1, '2019-02-08 18:03:04', '2019-02-19 19:53:22'),
(13, 4, '180D2C1AE0B0', 'R1VG4619131FM', '2018-12-07', 3, '2019-02-08 18:04:40', '2019-02-15 13:10:47'),
(14, 6, '58108C511B62', '302F2303127U0', '2019-02-09', 3, '2019-02-09 12:21:03', '2019-03-13 20:57:57'),
(15, 1, '58108C3032A5', 'EVAE5002659MX', '2019-01-01', 1, '2019-02-09 13:02:53', '2019-02-09 13:02:53'),
(16, 1, '001A3F62FC53', 'EVAD5002697C7', '2019-01-01', 1, '2019-02-11 18:57:05', '2019-02-12 13:35:29'),
(17, 1, '58108C368911', 'EVAF05007369T', '2019-01-01', 1, '2019-02-11 19:20:07', '2019-02-11 19:20:07'),
(18, 1, '58108C0723AB', 'CHYD2502555U4', '2019-01-01', 4, '2019-02-11 19:40:30', '2019-03-28 19:45:33'),
(19, 1, '58108C668E60', 'EVAF3209849AL', '2019-01-01', 1, '2019-02-11 19:45:54', '2019-02-12 13:35:32'),
(20, 1, '001A3F96E47D', '0UCG23017004F', '2019-02-12', 1, '2019-02-12 16:41:39', '2019-02-12 16:41:39'),
(21, 8, '00194629D6F0', '00194629D6F0', '2019-01-01', 3, '2019-02-14 10:57:40', '2019-03-04 18:41:46'),
(22, 9, 'C4E9847A5BCE', '2154050013942', '2019-01-01', 3, '2019-02-14 15:46:33', '2019-03-26 17:06:49'),
(23, 10, '58108C1735AB', '5V0E26002790U', '2019-01-01', 3, '2019-02-14 15:48:24', '2019-02-26 19:19:42'),
(24, 3, '180D2C1DA8BC', '0UCG4800115X6', '2019-02-18', 1, '2019-02-19 12:21:31', '2019-03-13 19:53:06'),
(25, 3, '180D2C1DA8D6', '0UCG480011ID', '0019-02-18', 1, '2019-02-19 12:23:14', '2019-02-19 12:23:14'),
(26, 3, '180D2C1DA8FC', '0UCG4800114VF', '2019-02-18', 1, '2019-02-19 12:24:46', '2019-02-19 12:24:46'),
(27, 3, '180D2C1DA8DE', '0UCG4800111IV', '2019-02-18', 1, '2019-02-19 12:26:42', '2019-03-13 21:17:56'),
(28, 3, '180D2C1A926', '0UCG4800113WH', '2019-02-18', 3, '2019-02-19 12:28:10', '2019-03-19 20:04:05'),
(29, 4, '180D2C511C1B', 'R1VH042187618', '2019-02-18', 3, '2019-02-19 12:30:26', '2019-03-29 16:39:12'),
(30, 4, '180D2C50DF72', 'R1VH04134677M', '2019-02-18', 3, '2019-02-19 12:31:23', '2019-03-25 20:16:09'),
(31, 4, '180D2C50DF84', 'R1VH0413468QS', '2019-02-18', 3, '2019-02-19 12:32:23', '2019-04-05 16:33:59'),
(32, 4, '180D2C511BED', 'R1VH0421897D7', '2019-02-18', 3, '2019-02-19 12:34:08', '2019-04-03 11:55:15'),
(33, 4, '180D2C511C33', 'R1VH0421867HB', '2019-02-18', 1, '2019-02-19 12:35:59', '2019-02-19 12:35:59'),
(34, 4, '180D2C511BFB', 'R1VH0421874TS', '2019-02-18', 3, '2019-02-19 12:37:14', '2019-04-13 12:07:44'),
(35, 4, '180D2C50DF86', 'R1VH04134644C', '2019-02-18', 3, '2019-02-19 12:38:59', '2019-04-11 12:42:24'),
(36, 4, '180D2C50DF82', 'R1VH0413466YL', '2019-02-18', 3, '2019-02-19 12:40:12', '2019-04-03 11:57:31'),
(37, 4, '180D2C511C29', 'R1VH042186826', '2019-02-18', 3, '2019-02-19 12:42:28', '2019-04-05 20:10:14'),
(38, 6, '58108C560E64', '302F2400705Q7', '2019-01-01', 3, '2019-02-19 13:36:43', '2019-02-26 19:29:20'),
(39, 4, '180D2C511E17', 'R1VH0439995WT', '2019-02-20', 3, '2019-02-20 17:55:41', '2019-03-26 14:42:39'),
(40, 4, '180D2C511B81', 'R1VH042195098', '2019-02-20', 3, '2019-02-20 17:57:16', '2019-03-29 17:17:30'),
(41, 4, '180D2C511B87', 'R1VH0421951MG', '2019-02-20', 3, '2019-02-20 17:58:17', '2019-03-26 20:00:09'),
(42, 4, '180D2C511B83', 'R1VH0421952KJ', '2019-02-20', 1, '2019-02-20 17:59:30', '2019-02-20 17:59:30'),
(43, 4, '180D2C511B8B', 'R1VH0421948QR', '2019-02-20', 3, '2019-02-20 18:00:31', '2019-03-19 19:07:11'),
(44, 4, '180D2C511B77', 'R1VH0421949Z1', '2019-02-20', 3, '2019-02-20 18:01:45', '2019-03-13 20:16:56'),
(45, 4, '180D2C511E1B', 'R1VH04399930S', '2019-02-20', 3, '2019-02-20 18:02:38', '2019-03-04 18:07:48'),
(46, 4, '180D2C511E19', 'R1VH043999411', '2019-02-20', 1, '2019-02-20 18:04:53', '2019-02-20 18:04:53'),
(47, 4, '180D2C511E0B', 'R1VH043999247', '2019-02-20', 3, '2019-02-20 18:05:55', '2019-03-04 18:35:08'),
(48, 4, '180D2C511DBF', 'R1VH0439991M4', '2019-02-20', 3, '2019-02-20 18:07:31', '2019-03-04 18:13:07'),
(49, 2, '180D2C175BA8', '4R7G450389346', '2019-02-20', 3, '2019-02-20 18:52:44', '2019-03-19 20:04:22'),
(50, 2, '180D2C175BE2', '4R7G4503930JL', '2019-02-20', 3, '2019-02-20 18:55:44', '2019-03-13 21:18:31'),
(51, 2, '180D2C1A69EC', '4R7G4507135L3', '2019-02-20', 3, '2019-02-20 18:57:19', '2019-03-13 19:59:21'),
(52, 2, '180D2C175BF0', '4R7G45039336R', '2019-02-20', 3, '2019-02-20 18:59:57', '2019-03-13 15:01:50'),
(53, 2, '180D2C175BE0', '4R7G45039310K', '2019-02-20', 3, '2019-02-20 19:03:07', '2019-03-15 13:14:14'),
(54, 2, '180D2C1A6E80', '4R7G450487140', '2019-02-20', 3, '2019-02-20 19:05:05', '2019-03-14 11:51:49'),
(55, 2, '180D2C17602E', '4R7G4503368E2', '2019-02-20', 3, '2019-02-20 19:07:29', '2019-03-04 18:25:32'),
(56, 2, '180D2C1A6E82', '4R7G45048690B', '2019-02-20', 3, '2019-02-20 19:09:34', '2019-03-13 21:18:53'),
(57, 2, '180D2C176030', '4R7G450337133', '2019-02-20', 3, '2019-02-20 19:10:51', '2019-03-04 18:32:08'),
(58, 2, '180D2C190565', '4R7G45018308T', '2019-02-20', 3, '2019-02-20 19:12:26', '2019-03-12 13:58:10'),
(59, 3, '180D2C158C8D', '0UCG4300599VB', '2019-02-20', 3, '2019-02-20 19:54:41', '2019-03-26 14:42:57'),
(60, 3, '180D2C158C69', '0UCG430060028', '2019-02-20', 1, '2019-02-20 19:55:54', '2019-02-20 19:55:54'),
(61, 3, '180D2C158C93', '0UCG4300601LF', '2019-02-20', 3, '2019-02-20 19:57:20', '2019-02-26 19:09:13'),
(62, 3, '180D2C158C75', '0UCG4300602JZ', '2019-02-20', 3, '2019-02-20 19:58:43', '2019-03-23 14:28:33'),
(63, 3, '180D2C158C79', '0UCG43006035D', '2019-02-20', 3, '2019-02-20 19:59:50', '2019-03-25 20:18:21'),
(64, 6, '001A3FFCC23A', '302G31011690T', '2019-02-28', 1, '2019-03-01 17:15:54', '2019-03-01 17:15:54'),
(65, 6, '001', '302G31011671W', '2019-02-28', 1, '2019-03-01 17:19:47', '2019-03-14 11:50:13'),
(66, 6, '001A3FFCC9C2', '302G3101166UH', '2019-02-28', 1, '2019-03-01 17:26:21', '2019-03-01 17:26:21'),
(67, 6, '001A3FFCC978', '302G3101178PJ', '2019-02-28', 1, '2019-03-01 17:33:29', '2019-03-19 20:00:46'),
(68, 6, '001A3FFCC1A0', '302G3101175TS', '2019-02-28', 1, '2019-03-01 17:38:25', '2019-03-01 17:38:25'),
(69, 6, '001A3FFCC960', '302G31011766Q', '2019-02-28', 1, '2019-03-01 17:40:50', '2019-03-01 17:40:50'),
(70, 6, '001A3FFCC98C', '302G3101165RM', '2019-02-28', 1, '2019-03-01 17:46:58', '2019-03-01 17:46:58'),
(71, 6, '001A3FFCC9BA', '302G3101163CK', '2019-02-28', 1, '2019-03-01 17:49:31', '2019-03-01 17:49:31'),
(72, 6, '001A3FFCC9A0', '302G3101168A7', '2019-02-28', 1, '2019-03-01 17:51:36', '2019-03-01 17:51:36'),
(73, 6, '001A3FFCC9BE', '302G3101173SC', '2019-02-28', 1, '2019-03-01 17:54:38', '2019-03-01 17:54:38'),
(74, 6, '001A3FFCC9E2', '302G3101162R9', '2019-02-28', 3, '2019-03-01 17:56:27', '2019-04-10 11:49:52'),
(75, 6, '001AFFCC994', '302G3101177E0', '2019-02-28', 1, '2019-03-01 17:58:28', '2019-03-01 17:58:28'),
(76, 6, '001A3FFCC9B8', '302G3101171T6', '2019-02-28', 1, '2019-03-01 18:00:05', '2019-03-01 18:00:05'),
(77, 6, '001A3FFCC98E', '302G31011725S', '2019-02-28', 1, '2019-03-01 18:12:09', '2019-03-14 11:51:03'),
(78, 6, '001A3FFCC9B6', '302G31011704W', '2019-02-28', 1, '2019-03-01 18:13:48', '2019-03-01 18:13:48'),
(79, 6, '001A3FFCC240', '302G31011648D', '2019-02-28', 1, '2019-03-01 18:15:28', '2019-03-01 18:15:28'),
(80, 6, '001A3FFCC242', '302G31011602V', '2019-02-28', 1, '2019-03-01 18:22:42', '2019-03-01 18:22:42'),
(81, 6, '001A3FFCC9AA', '302G31011741P', '2019-02-28', 1, '2019-03-01 18:25:27', '2019-03-01 18:25:27'),
(82, 6, '001A3FFCC9D2', '302G31011790A', '2019-02-28', 3, '2019-03-01 18:26:47', '2019-03-13 19:36:53'),
(83, 6, '58108C2D5AA7', '302E4700797CN', '2019-03-19', 1, '2019-03-04 16:55:30', '2019-03-21 17:00:57'),
(84, 5, 'BEPG4600110NS', 'BEPG4600110BS', '2018-12-28', 3, '2019-03-04 18:10:34', '2019-03-04 18:12:48'),
(85, 6, '58108C6EA907', '302F3604493WX', '2019-03-19', 3, '2019-03-06 12:40:32', '2019-03-28 14:36:57'),
(86, 12, '00A102042878', '00A102042878NS', '2019-01-01', 1, '2019-03-06 12:43:09', '2019-03-16 11:39:17'),
(87, 6, '58108C5605EE', '302F2400029RL', '2018-09-20', 1, '2019-03-11 13:24:13', '2019-04-04 20:55:57'),
(88, 3, '001A3FFB2547', 'TESTE', '2019-01-01', 4, '2019-03-11 14:28:45', '2019-03-11 14:28:54'),
(89, 8, '0019462B46AC', 'EB-01V2045318', '2018-07-18', 3, '2019-03-11 17:09:46', '2019-04-12 11:56:15'),
(90, 5, '180D2C5326AD', 'BEPH0602143CA', '2019-03-11', 3, '2019-03-11 20:39:23', '2019-03-12 13:58:36'),
(91, 1, 'C58108C789067', 'EVAF4000860827', '2019-02-27', 3, '2019-03-12 13:46:56', '2019-03-12 13:48:41'),
(92, 5, '180D2C5326B1', 'BEPH0602142G5', '2019-03-11', 3, '2019-03-12 17:34:13', '2019-04-13 12:07:29'),
(93, 5, '180D2C53269D', 'BEPH060215GQ', '2019-03-11', 1, '2019-03-12 17:35:06', '2019-03-12 17:35:06'),
(94, 5, '180D2C5326AB', 'BEPH0602146BG', '2019-03-11', 3, '2019-03-12 17:35:54', '2019-04-15 11:35:16'),
(95, 5, '180D2C5326A1', 'BEPH0602149FD', '2019-03-11', 3, '2019-03-12 23:02:17', '2019-04-15 16:53:23'),
(96, 5, '180D2C532299', 'BEPH0602148AH', '2019-03-11', 3, '2019-03-12 23:03:22', '2019-03-29 14:42:46'),
(97, 5, '180D2C5326A7', 'BEPH0602147QE', '2019-03-11', 3, '2019-03-12 23:04:46', '2019-04-05 20:10:53'),
(98, 5, '180D2C5326AF', 'BEPH060214480', '2019-03-11', 1, '2019-03-12 23:05:41', '2019-03-12 23:05:41'),
(99, 5, '180D2C5326B3', 'BEPH0602141X3', '2019-03-11', 3, '2019-03-12 23:06:25', '2019-03-19 13:34:29'),
(100, 5, '180D2C190565', 'BEPH062143CA', '2019-03-11', 1, '2019-03-13 12:42:24', '2019-03-13 12:42:24'),
(101, 1, 'MAC001A3F625CA4', 'EVAD49020150F', '2019-02-27', 1, '2019-03-13 13:59:55', '2019-03-13 13:59:55'),
(102, 1, '58108C17AB99', 'EVAE29000659QW', '2019-02-27', 2, '2019-03-13 14:01:37', '2019-04-13 11:56:13'),
(103, 1, '58108C24E38B', 'EVAE4001709PV', '2019-02-27', 1, '2019-03-13 14:02:56', '2019-03-13 14:02:56'),
(104, 1, '58108C067452', 'EVAD22044382Y', '2019-02-27', 1, '2019-03-13 14:05:12', '2019-03-13 14:05:12'),
(105, 6, '58108C6EA98F', '302F3604487II', '2019-02-27', 3, '2019-03-13 14:06:39', '2019-04-05 16:40:25'),
(106, 1, '58108C24E33B', 'EVAE40017061U', '2019-02-27', 1, '2019-03-13 14:09:58', '2019-03-13 14:09:58'),
(107, 1, '58108C29651B', 'EVAE4600746CC', '2019-02-27', 3, '2019-03-13 14:11:33', '2019-03-19 18:51:07'),
(108, 1, '001A3FB3D231', 'SEMNS', '2019-02-27', 1, '2019-03-13 14:12:44', '2019-03-13 14:12:44'),
(109, 1, '001A3FB5536F', 'SEMNSEQ', '2019-02-27', 1, '2019-03-13 14:13:50', '2019-03-13 14:13:50'),
(110, 1, '58108C0723C6', 'CHYDD2502560GX', '2019-02-27', 1, '2019-03-13 14:15:08', '2019-03-13 14:15:08'),
(111, 13, '58108C203A75', 'EQIE470197110', '2019-02-27', 1, '2019-03-13 14:17:13', '2019-03-13 14:17:13'),
(112, 10, '58108C1D5DAF', '5V0E330220556', '2019-03-13', 3, '2019-03-13 14:39:06', '2019-03-19 14:44:23'),
(113, 3, '5V0E3000226BX', 'NSAPAGAD0', '2019-03-13', 1, '2019-03-13 14:39:42', '2019-03-13 14:39:42'),
(114, 1, '58108C2BAC4F', 'EVAE4602378U0', '2019-03-13', 3, '2019-03-13 14:41:00', '2019-04-13 11:46:28'),
(115, 6, '58108C55600FE', '58108C5600FE', '2019-03-13', 1, '2019-03-13 14:41:40', '2019-03-13 14:41:40'),
(116, 6, '58108C560118', '302F2400701P', '2019-03-13', 3, '2019-03-13 14:42:25', '2019-03-19 20:03:02'),
(117, 1, '58108C58F1F0', 'EVAF2609661SB', '2019-03-13', 3, '2019-03-13 14:43:02', '2019-04-11 16:41:35'),
(118, 1, '58108C36892F', 'EVAF050007565A', '2019-03-13', 3, '2019-03-13 14:43:40', '2019-04-11 20:21:10'),
(119, 5, '180D2C5326A5', 'BEPH0602145AD', '2019-03-11', 3, '2019-03-13 16:47:51', '2019-04-13 11:52:54'),
(120, 3, 'SEM MAC', '0UCG4800112ID', '2019-02-19', 3, '2019-03-13 21:22:39', '2019-03-13 21:24:02'),
(121, 2, '4R7G2611890WL', '001A3FE7FB07', '2019-01-01', 1, '2019-03-14 16:59:29', '2019-03-14 16:59:29'),
(122, 6, '58108C56061A', '302F2400024NM', '2018-10-01', 3, '2019-03-14 17:29:15', '2019-03-15 13:14:19'),
(123, 1, '58108C6EF4BE', 'EVAF36048467G', '2019-03-19', 1, '2019-03-14 20:36:53', '2019-04-13 11:50:59'),
(124, 1, '58108C2019C8', 'EVAE3801741LS', '2016-10-05', 3, '2019-03-15 12:03:18', '2019-03-21 14:16:07'),
(125, 2, '001A3F6836EC', 'VG5E03042980S', '2019-01-01', 3, '2019-03-15 12:05:00', '2019-03-15 19:56:04'),
(126, 14, '58108C1D5C84', '5V0E33021101M', '2019-03-15', 1, '2019-03-15 14:14:30', '2019-03-15 14:14:30'),
(127, 14, '58108C1D6616', '5V0E33041465K', '2019-03-15', 1, '2019-03-15 14:15:15', '2019-03-15 14:15:15'),
(128, 1, '58108C5B926B', 'EVAF2804150W1', '2019-03-15', 3, '2019-03-15 14:17:08', '2019-03-21 14:15:36'),
(129, 14, '58108C1733E5', '5V0E2600354NF', '2019-01-01', 1, '2019-03-15 14:19:21', '2019-04-08 12:24:15'),
(130, 1, '001A3FCEAB5F', 'EVAC1501260UV', '2019-01-01', 3, '2019-03-15 14:23:40', '2019-03-28 19:46:42'),
(131, 10, '58108C1A9DB1', '5V0E30001129A', '2019-03-19', 1, '2019-03-15 14:27:21', '2019-03-21 17:04:39'),
(132, 2, '180D2C06C0A4', '4R7G3705633PH', '2018-10-31', 3, '2019-03-15 14:37:28', '2019-03-28 19:43:55'),
(133, 8, '0019462B4664', 'EB01V204594', '2018-07-18', 3, '2019-03-15 14:38:32', '2019-03-25 11:37:56'),
(134, 15, 'C4700B04A898', 'V1804141705', '2018-07-17', 3, '2019-03-15 14:39:55', '2019-04-15 16:52:50'),
(135, 16, '58108C411022', 'HW0F1310925YL', '2019-03-19', 3, '2019-03-15 14:41:31', '2019-04-08 19:19:25'),
(136, 1, '58108C699D5B', 'EVAF3501975TM', '2018-01-19', 3, '2019-03-16 14:44:53', '2019-03-20 12:32:40'),
(137, 2, '58108C99EDC7', '4R7G0315165KU', '2018-02-09', 2, '2019-03-16 15:16:58', '2019-03-16 15:17:20'),
(138, 14, 'APAGAD0', '5V0E3000226BX', '2019-01-01', 1, '2019-03-18 11:53:21', '2019-03-29 19:18:16'),
(139, 6, '58108C511B44', '302F2303126TB', '2019-03-19', 3, '2019-03-19 16:45:43', '2019-04-08 19:22:55'),
(140, 17, '001A3FA11B68', 'WF12110943382', '2019-03-19', 1, '2019-03-19 17:52:48', '2019-03-19 17:52:48'),
(141, 1, '28108C58E67E', 'EVAF2606297SX', '2019-03-19', 3, '2019-03-19 18:21:32', '2019-04-04 19:48:46'),
(142, 1, '001A3F62FC51', 'EVAD5006298FG', '2019-03-19', 4, '2019-03-21 14:41:22', '2019-03-28 16:49:40'),
(143, 1, '58108C3032AD', 'EVAE5002657HQ', '2019-03-19', 4, '2019-03-21 14:44:30', '2019-03-26 20:15:47'),
(144, 6, '58108C2D5C48', '302E4700783V0', '2019-03-19', 1, '2019-03-21 16:48:18', '2019-04-05 12:09:12'),
(145, 6, '58108C512000', '302F231956YI', '2019-03-19', 1, '2019-03-21 16:49:08', '2019-03-21 16:49:08'),
(146, 8, '0019462B4649', 'EB01V2045285', '2019-01-01', 3, '2019-03-25 11:47:40', '2019-03-28 11:45:55'),
(147, 14, '58108C1D449E', '5V0E3301172GS', '2019-03-26', 1, '2019-03-26 17:57:53', '2019-03-26 17:57:53'),
(148, 6, '58108C512C0C', '302F2301956YL', '2019-03-19', 3, '2019-03-26 20:08:57', '2019-03-26 20:10:22'),
(149, 2, '180D2C0651B8', '4R7G37007999F', '2019-03-19', 2, '2019-03-28 16:43:36', '2019-04-03 16:42:45'),
(150, 8, '00194629A006', 'EB01V2009252', '2019-03-19', 3, '2019-03-28 18:34:26', '2019-03-28 18:36:53'),
(151, 18, 'E067B3026DC0', '(01)0789890108457021)2702B21521', '2019-03-28', 1, '2019-03-28 19:31:56', '2019-03-28 19:31:56'),
(152, 2, '58108C8BF3C1', '4R7F490022538', '2018-01-19', 3, '2019-03-29 12:09:51', '2019-04-04 19:47:55'),
(153, 8, '0019462B4697', 'EB01V2045311', '2018-07-18', 3, '2019-03-29 12:11:24', '2019-04-03 11:57:19'),
(154, 19, '8014A874C668', 'V1707116490', '2019-01-01', 3, '2019-03-29 14:35:40', '2019-04-08 20:04:14'),
(155, 14, 'V0E30001206M', '5V0E30001206M', '2019-01-01', 1, '2019-03-29 14:39:45', '2019-03-29 14:39:45'),
(156, 8, 'R0CKETM5', '802AA8AEDB71', '2871-08-05', 4, '2019-03-29 17:32:39', '2019-03-29 17:33:34'),
(157, 1, '001A3FE0D92D', 'EVAC31042490E', '2019-03-30', 1, '2019-03-30 14:33:35', '2019-03-30 14:35:27'),
(158, 2, 'APAGAD0', '4R7G03115480A', '2018-02-20', 1, '2019-04-03 11:48:19', '2019-04-05 12:09:30'),
(159, 6, '58108C511B44', '302F2303126TB', '2019-01-01', 1, '2019-04-03 11:57:37', '2019-04-08 19:25:15'),
(160, 21, '8014A863EE50', 'V17041806292', '2019-01-01', 2, '2019-04-04 18:56:50', '2019-04-15 16:54:17'),
(161, 1, '58108C17AB99', 'EVAD50035930T', '2019-01-01', 4, '2019-04-05 11:48:54', '2019-04-05 11:50:11'),
(162, 5, '180D2C53269D', 'BEPH0602150GQ', '2019-03-11', 3, '2019-04-06 12:03:25', '2019-04-15 11:38:44'),
(163, 2, '58108C948FDD', '4R7G0100869K4', '2018-08-01', 1, '2019-04-10 11:50:39', '2019-04-10 11:50:39'),
(164, 2, '58108C948FDD', '4R7G0100869L4', '2018-08-01', 3, '2019-04-10 11:52:10', '2019-04-10 11:52:40'),
(165, 2, '58108C2DD7DA', 'VG5E4710228VQ', '2017-06-19', 1, '2019-04-10 14:25:34', '2019-04-13 11:51:16'),
(166, 4, '180D2C567FA9', 'R1VH0624875PD', '2019-04-11', 2, '2019-04-11 14:50:20', '2019-04-12 20:27:10'),
(167, 4, '180D2C567FA7', 'R1VH0624876C5', '2019-04-11', 3, '2019-04-11 16:34:44', '2019-04-15 11:38:19'),
(168, 4, '180D2C567FAB', 'R1VH06248747D', '2019-04-11', 1, '2019-04-11 16:36:41', '2019-04-11 16:36:41'),
(169, 4, '180D2C567FAD', 'R1VH0624873JK', '2019-04-11', 1, '2019-04-11 16:38:10', '2019-04-11 16:38:10'),
(170, 4, '180D2C567FAF', 'R1VH0624872M1', '2019-04-11', 3, '2019-04-11 16:39:18', '2019-04-15 16:55:24'),
(171, 2, '58108CA441CC', '4R7G0813112P8', '2018-03-15', 3, '2019-04-11 16:55:18', '2019-04-13 11:46:13'),
(172, 4, '180D2C567F9D', 'R1VH06248825SX', '2019-04-11', 1, '2019-04-11 17:02:56', '2019-04-11 17:02:56'),
(173, 4, '180D2C567F9B', 'R1VH0624883ZK', '2019-04-11', 1, '2019-04-11 17:04:30', '2019-04-11 17:04:30'),
(174, 4, '180D2C567F97', 'R1VH0624886I5', '2019-04-11', 1, '2019-04-11 17:05:52', '2019-04-11 17:07:48'),
(175, 4, '180D2C567F99', 'R1VH06248855Z', '2019-04-11', 1, '2019-04-11 17:09:19', '2019-04-11 17:09:19'),
(176, 4, '180D2C567F95', 'R1VH0624884XN', '2019-04-11', 1, '2019-04-11 17:10:31', '2019-04-11 17:10:31'),
(177, 4, '180D2C567FB1', 'R1VH06248718W', '2019-04-11', 1, '2019-04-11 17:47:38', '2019-04-11 17:47:38'),
(178, 4, '180D2C567FB3', 'R1VH0624870AB', '2019-04-11', 1, '2019-04-11 17:49:01', '2019-04-11 17:49:01'),
(179, 4, '180D2C567FB5', 'R1VH062486998', '2019-04-11', 2, '2019-04-11 17:50:19', '2019-04-15 16:54:17'),
(180, 4, '180D2C567FB7', 'R1VH06248680X', '2019-04-11', 1, '2019-04-11 17:51:53', '2019-04-11 17:51:53'),
(181, 4, '180D2C567FBB', 'R1VH0624867VC', '2019-04-11', 1, '2019-04-11 17:53:39', '2019-04-11 17:53:39'),
(182, 4, '180D2C56804B', 'R1VH0624801GI', '2019-04-11', 1, '2019-04-11 18:40:27', '2019-04-11 18:40:27'),
(183, 4, '180D2C568049', 'R1VH0624800EB', '2019-04-11', 1, '2019-04-11 18:41:58', '2019-04-11 18:41:58'),
(184, 4, '180D2C56804F', 'R1VH0624799XW', '2019-04-11', 1, '2019-04-11 18:51:55', '2019-04-11 18:51:55'),
(185, 4, '180D2C568047', 'R1VH0624798G9', '2019-04-11', 1, '2019-04-11 18:53:36', '2019-04-11 18:53:36'),
(186, 4, '180D2C56804D', 'R1VH0624797SH', '2019-04-11', 1, '2019-04-11 18:58:20', '2019-04-11 18:58:20'),
(187, 1, '58108C0BFE55', 'EVAD4002843WM', '2019-04-13', 1, '2019-04-13 12:15:56', '2019-04-13 12:15:56'),
(188, 3, '180D2C158099', '0UCG43010570U', '2018-01-19', 1, '2019-04-13 12:17:36', '2019-04-13 12:17:36'),
(189, 2, '58108CB767BC', 'VG5D2808047AE', '2019-04-13', 1, '2019-04-13 12:20:41', '2019-04-13 12:20:41'),
(190, 5, '180D2C189847', 'BEPG4600114ML', '2018-12-28', 2, '2019-04-15 11:49:44', '2019-04-15 16:54:17');

-- --------------------------------------------------------

--
-- Estrutura para tabela `equipment_destinations`
--

CREATE TABLE `equipment_destinations` (
  `id` int(10) UNSIGNED NOT NULL,
  `equipmentId` int(10) UNSIGNED NOT NULL,
  `orderOutId` int(10) UNSIGNED NOT NULL,
  `destination` text COLLATE utf8mb4_unicode_ci NOT NULL,
  `created_at` timestamp NULL DEFAULT NULL,
  `updated_at` timestamp NULL DEFAULT NULL
) ENGINE=InnoDB DEFAULT CHARSET=utf8mb4 COLLATE=utf8mb4_unicode_ci;

--
-- Fazendo dump de dados para tabela `equipment_destinations`
--

INSERT INTO `equipment_destinations` (`id`, `equipmentId`, `orderOutId`, `destination`, `created_at`, `updated_at`) VALUES
(1, 10, 1, 'jemmy.0811', '2019-02-12 13:24:20', '2019-02-12 13:24:20'),
(2, 13, 3, 'maria.5208', '2019-02-15 13:10:47', '2019-02-15 13:10:47'),
(3, 7, 4, 'maria.5208', '2019-02-15 13:12:20', '2019-02-15 13:12:20'),
(4, 9, 7, 'Instalação tuanne.0813', '2019-02-19 19:51:48', '2019-02-19 19:51:48'),
(5, 11, 9, 'tuanne.0813', '2019-02-19 19:59:49', '2019-02-19 19:59:49'),
(6, 61, 10, 'Renato.1475 Renato Meirelles Leite Filho. \r\nTroca de equipamento', '2019-02-26 19:09:13', '2019-02-26 19:09:13'),
(7, 23, 7, 'Foi usada para substituir equipamento.\r\nNão foi anotado o nome do cliente', '2019-02-26 19:19:42', '2019-02-26 19:19:42'),
(8, 38, 8, 'Feita a troca da antena, não foi anotado o nome do cliente', '2019-02-26 19:29:20', '2019-02-26 19:29:20'),
(9, 4, 11, 'joelson.0592', '2019-02-28 16:40:52', '2019-02-28 16:40:52'),
(10, 45, 15, 'Joelson de Carvalho Pacheco instalação', '2019-03-04 18:07:48', '2019-03-04 18:07:48'),
(11, 84, 17, 'Tayana Cezimbra Matté instalação', '2019-03-04 18:12:48', '2019-03-04 18:12:48'),
(12, 48, 16, 'Tayana Cezimbra Matté instalação.', '2019-03-04 18:13:07', '2019-03-04 18:13:07'),
(13, 2, 12, 'Carla Daiane dos Anjos instalação', '2019-03-04 18:18:13', '2019-03-04 18:18:13'),
(14, 55, 12, 'Carla Daiane dos Anjos instalação', '2019-03-04 18:18:21', '2019-03-04 18:18:21'),
(15, 2, 18, 'Carla Daiane dos Anjos troca de equipamento.(superaquecendo)', '2019-03-04 18:25:28', '2019-03-04 18:25:28'),
(16, 55, 18, 'Carla Daiane dos Anjos troca de equipamento.(superaquecendo)', '2019-03-04 18:25:32', '2019-03-04 18:25:32'),
(17, 8, 19, 'Bruno Rangel Zilz instalação', '2019-03-04 18:31:56', '2019-03-04 18:31:56'),
(18, 57, 19, 'Bruno Rangel Zilz instalação', '2019-03-04 18:32:08', '2019-03-04 18:32:08'),
(19, 5, 20, 'Mirian Pereira de Souza (Instalação)', '2019-03-04 18:35:04', '2019-03-04 18:35:04'),
(20, 47, 20, 'Mirian Pereira de Souza (Instalação)', '2019-03-04 18:35:08', '2019-03-04 18:35:08'),
(21, 21, 6, 'Rui Carlos Marques de Barcellos equipamento substituído dia 01/03/2019', '2019-03-04 18:41:46', '2019-03-04 18:41:46'),
(22, 1, 24, 'Mercado VAVA', '2019-03-06 13:24:20', '2019-03-06 13:24:20'),
(23, 91, 34, 'Troca de equipamento Zenilto Ferreirra de Jesus 09/03/2019', '2019-03-12 13:48:41', '2019-03-12 13:48:41'),
(24, 58, 30, 'Vilmar Soares Instalação nova', '2019-03-12 13:58:10', '2019-03-12 13:58:10'),
(25, 90, 32, 'Vilmar Soares Instalação nova', '2019-03-12 13:58:36', '2019-03-12 13:58:36'),
(26, 52, 36, 'JANAINA.0693', '2019-03-13 15:01:50', '2019-03-13 15:01:50'),
(27, 82, 35, 'Leandro.0455 feito transferência de fibra para o rádio.\r\nFoi retirada a ONU e instalada a antena APC 5A 20', '2019-03-13 19:36:53', '2019-03-13 19:36:53'),
(28, 51, 13, 'Daiane Marques Soares Instalação nova.', '2019-03-13 19:59:21', '2019-03-13 19:59:21'),
(29, 44, 26, 'Monique Cardoso da Silva roteador substituído  06/03/2019', '2019-03-13 20:16:56', '2019-03-13 20:16:56'),
(30, 74, 38, 'Tatiane de Souza Leandro antena trocada dia 28/02/2019', '2019-03-13 20:19:37', '2019-03-13 20:19:37'),
(31, 10, 1, 'Jemmy Edgard Ficher Neto  instalação nova 09/02/2019', '2019-03-13 20:56:48', '2019-03-13 20:56:48'),
(32, 14, 1, 'Jemmy Edgard Ficher Neto instalação 09/02/2019', '2019-03-13 20:57:57', '2019-03-13 20:57:57'),
(33, 50, 39, 'Bruno de Avila Martins instalação nova', '2019-03-13 21:18:31', '2019-03-13 21:18:31'),
(34, 56, 39, 'Danilo de Campos instalação nova', '2019-03-13 21:18:53', '2019-03-13 21:18:53'),
(35, 120, 40, 'Danilo de Campos danilo.1060 instalação nova', '2019-03-13 21:24:02', '2019-03-13 21:24:02'),
(36, 54, 33, 'Jomae Embalagens LTDA-ME instalação nova.', '2019-03-14 11:51:49', '2019-03-14 11:51:49'),
(37, 53, 41, 'segundo ponto de cyndel.0729.1', '2019-03-15 13:14:14', '2019-03-15 13:14:14'),
(38, 122, 41, 'segundo ponto de cyndel.0729.1', '2019-03-15 13:14:19', '2019-03-15 13:14:19'),
(39, 3, 13, 'rui.0630', '2019-03-15 14:52:53', '2019-03-15 14:52:53'),
(40, 125, 43, 'Instalação Mariana.0949 cabo WDS central gabriel', '2019-03-15 19:56:04', '2019-03-15 19:56:04'),
(41, 99, 48, 'Cristiane Oliveira da Silva instalação nova Cristiane.0561', '2019-03-19 13:34:29', '2019-03-19 13:34:29'),
(42, 112, 44, 'Clades.0074 colocada no dia da tranferência', '2019-03-19 14:44:23', '2019-03-19 14:44:23'),
(43, 107, 51, 'Maria Eliete Julio Fernandes antena substituída dia 18/03/2019', '2019-03-19 18:51:07', '2019-03-19 18:51:07'),
(44, 43, 50, 'Cliente francisco.8890', '2019-03-19 19:07:11', '2019-03-19 19:07:11'),
(45, 116, 49, 'Troca de equipamento cliente antonio.78479', '2019-03-19 20:03:02', '2019-03-19 20:03:02'),
(46, 28, 49, 'Instalação cristiane.0166', '2019-03-19 20:04:05', '2019-03-19 20:04:05'),
(47, 49, 49, 'Instalação cristiane.0166', '2019-03-19 20:04:22', '2019-03-19 20:04:22'),
(48, 136, 53, 'Paul Miller troca de antena dia 19-03-2019', '2019-03-20 12:32:40', '2019-03-20 12:32:40'),
(49, 128, 52, 'darla.0851 troca de equipamento', '2019-03-21 14:15:36', '2019-03-21 14:15:36'),
(50, 124, 52, 'aline.0297 transferência de fibra para rádio.', '2019-03-21 14:16:07', '2019-03-21 14:16:07'),
(51, 62, 28, 'Vanessa Adelino Floriano instalação 20/03/2019\r\nJanderson quem fez', '2019-03-23 14:28:33', '2019-03-23 14:28:33'),
(52, 133, 57, 'Balbino.4260', '2019-03-25 11:37:56', '2019-03-25 11:37:56'),
(53, 30, 61, 'instalação lucas.0024', '2019-03-25 20:16:09', '2019-03-25 20:16:09'),
(54, 63, 62, 'instalação lucas.0024', '2019-03-25 20:18:21', '2019-03-25 20:18:21'),
(55, 39, 65, 'Instalação fabiano.9314', '2019-03-26 14:42:39', '2019-03-26 14:42:39'),
(56, 59, 65, 'Instalação fabiano.9314', '2019-03-26 14:42:57', '2019-03-26 14:42:57'),
(57, 22, 7, 'feito troca de equipamento, não anotado qual cliente', '2019-03-26 17:06:49', '2019-03-26 17:06:49'),
(58, 41, 66, 'instalação nova luis.9020', '2019-03-26 20:00:09', '2019-03-26 20:00:09'),
(59, 143, 66, 'Troca de equipamento juliano 0259.1', '2019-03-26 20:01:21', '2019-03-26 20:01:21'),
(60, 148, 68, 'Instalação Luiz.9020', '2019-03-26 20:10:22', '2019-03-26 20:10:22'),
(61, 146, 58, 'Melissa Freitas de Almeida, transferência de rádio para fibra.', '2019-03-28 11:45:55', '2019-03-28 11:45:55'),
(62, 85, 70, 'troca de equipamento margarete.0064', '2019-03-28 14:36:57', '2019-03-28 14:36:57'),
(63, 149, 71, 'Equipamento com a porta frouxa.', '2019-03-28 16:54:17', '2019-03-28 16:54:17'),
(64, 150, 75, 'mateus.0637 instalação nova', '2019-03-28 18:36:53', '2019-03-28 18:36:53'),
(65, 132, 72, 'thainara.1252', '2019-03-28 19:43:55', '2019-03-28 19:43:55'),
(66, 130, 73, 'thainara.1252', '2019-03-28 19:46:42', '2019-03-28 19:46:42'),
(67, 96, 71, 'ricardo.4113', '2019-03-29 14:42:46', '2019-03-29 14:42:46'),
(68, 29, 74, 'mateus.0637 instalação nova.', '2019-03-29 16:39:12', '2019-03-29 16:39:12'),
(69, 40, 71, 'RICARDO.4113 INSTALAÇÃO NOVA', '2019-03-29 17:17:30', '2019-03-29 17:17:30'),
(70, 32, 82, 'Donizete Olino Texeira troca de roteador 02/04/2019', '2019-04-03 11:55:15', '2019-04-03 11:55:15'),
(71, 153, 81, 'Saulo.3758 instalação 02/04/2019', '2019-04-03 11:57:19', '2019-04-03 11:57:19'),
(72, 36, 81, 'Saulo.3758 instalação 02/04/2019', '2019-04-03 11:57:31', '2019-04-03 11:57:31'),
(73, 152, 80, 'Instalação mauricio.0322', '2019-04-04 19:47:55', '2019-04-04 19:47:55'),
(74, 141, 79, 'Instalação mauricio.0322', '2019-04-04 19:48:46', '2019-04-04 19:48:46'),
(75, 31, 88, 'Cliente caren.0318', '2019-04-05 16:33:59', '2019-04-05 16:33:59'),
(76, 105, 88, 'Cliente mauricio.0322', '2019-04-05 16:40:25', '2019-04-05 16:40:25'),
(77, 37, 83, 'Cliente albertina.0087', '2019-04-05 20:10:14', '2019-04-05 20:10:14'),
(78, 97, 89, 'Cliente albertina.0087', '2019-04-05 20:10:53', '2019-04-05 20:10:53'),
(79, 135, 91, 'Cliente João.2971', '2019-04-08 19:19:25', '2019-04-08 19:19:25'),
(80, 139, 91, 'Cliente João.2971', '2019-04-08 19:22:55', '2019-04-08 19:22:55'),
(81, 154, 86, 'Cliente tatiane.7713', '2019-04-08 20:04:14', '2019-04-08 20:04:14'),
(82, 74, 92, 'Rita.4654', '2019-04-10 11:49:52', '2019-04-10 11:49:52'),
(83, 164, 93, 'Rita.4654', '2019-04-10 11:52:40', '2019-04-10 11:52:40'),
(84, 35, 90, 'Sheila.0549', '2019-04-11 12:42:24', '2019-04-11 12:42:24'),
(85, 117, 95, 'Instalação max.0124', '2019-04-11 16:41:35', '2019-04-11 16:41:35'),
(86, 118, 96, 'amabile.3191', '2019-04-11 20:21:10', '2019-04-11 20:21:10'),
(87, 89, 97, 'daniel.50331', '2019-04-12 11:56:15', '2019-04-12 11:56:15'),
(88, 171, 99, 'isabel.4389', '2019-04-13 11:46:13', '2019-04-13 11:46:13'),
(89, 114, 99, 'isabel.4389', '2019-04-13 11:46:28', '2019-04-13 11:46:28'),
(90, 119, 86, 'mari.3851', '2019-04-13 11:52:54', '2019-04-13 11:52:54'),
(91, 92, 90, 'fabricio.0371', '2019-04-13 12:07:29', '2019-04-13 12:07:29'),
(92, 34, 90, 'fabricio.0371', '2019-04-13 12:07:44', '2019-04-13 12:07:44'),
(93, 94, 100, 'Renata.0649', '2019-04-15 11:35:16', '2019-04-15 11:35:16'),
(94, 167, 102, 'carlos.5416', '2019-04-15 11:38:19', '2019-04-15 11:38:19'),
(95, 162, 90, 'carlos.5416', '2019-04-15 11:38:44', '2019-04-15 11:38:44'),
(96, 134, 86, '??', '2019-04-15 16:52:50', '2019-04-15 16:52:50'),
(97, 95, 104, 'neria.4311', '2019-04-15 16:53:23', '2019-04-15 16:53:23'),
(98, 170, 106, 'neria.4311', '2019-04-15 16:55:24', '2019-04-15 16:55:24');

-- --------------------------------------------------------

--
-- Estrutura para tabela `equipment_models`
--

CREATE TABLE `equipment_models` (
  `id` int(10) UNSIGNED NOT NULL,
  `model` varchar(191) COLLATE utf8mb4_unicode_ci NOT NULL,
  `created_at` timestamp NULL DEFAULT NULL,
  `updated_at` timestamp NULL DEFAULT NULL
) ENGINE=InnoDB DEFAULT CHARSET=utf8mb4 COLLATE=utf8mb4_unicode_ci;

--
-- Fazendo dump de dados para tabela `equipment_models`
--

INSERT INTO `equipment_models` (`id`, `model`, `created_at`, `updated_at`) VALUES
(1, 'WOM 5000 MIMO', '2019-02-08 17:25:02', '2019-02-08 17:25:02'),
(2, 'IWR 1000N', '2019-02-08 17:25:20', '2019-02-08 17:25:20'),
(3, 'WOM 5A MIMO', '2019-02-08 17:25:40', '2019-02-08 17:25:40'),
(4, 'IWR 3000N', '2019-02-08 17:26:42', '2019-02-08 17:26:42'),
(5, 'ONU 110', '2019-02-08 17:27:17', '2019-02-08 17:27:17'),
(6, 'APC 5A-20', '2019-02-09 12:19:16', '2019-02-09 12:19:16'),
(7, 'WOM 5000 CISO', '2019-02-11 19:40:59', '2019-02-11 19:40:59'),
(8, 'ONU GEPON EB01 v2', '2019-02-14 10:56:21', '2019-02-14 10:56:21'),
(9, 'TL-WR720N', '2019-02-14 15:45:13', '2019-02-14 15:45:13'),
(10, 'APC 5M-18+', '2019-02-14 15:47:30', '2019-02-14 15:47:30'),
(11, 'Roteador N 300 MBPS', '2019-02-26 19:14:14', '2019-02-26 19:14:14'),
(12, 'ONU GEPON CTS 2702B', '2019-03-06 12:41:57', '2019-03-06 12:41:57'),
(13, 'APC5 A 15', '2019-03-13 14:16:13', '2019-03-13 14:16:13'),
(14, 'APC 5M-18', '2019-03-15 14:12:09', '2019-03-15 14:12:09'),
(15, 'ONU GEPON FW-01-GE', '2019-03-15 14:39:19', '2019-03-15 14:39:19'),
(16, 'KEO KLR300N', '2019-03-15 14:40:52', '2019-03-15 14:40:52'),
(17, 'Intelbras WRN 150', '2019-03-19 17:51:58', '2019-03-19 17:51:58'),
(18, 'ONT GEPON CTS 2702B', '2019-03-28 19:30:56', '2019-03-28 19:30:56'),
(19, 'ONU EPON V2801E', '2019-03-29 14:34:48', '2019-03-29 14:34:48'),
(21, 'ONU EPON V2801HW', '2019-04-04 18:56:10', '2019-04-04 18:56:10');

-- --------------------------------------------------------

--
-- Estrutura para tabela `migrations`
--

CREATE TABLE `migrations` (
  `id` int(10) UNSIGNED NOT NULL,
  `migration` varchar(191) COLLATE utf8mb4_unicode_ci NOT NULL,
  `batch` int(11) NOT NULL
) ENGINE=InnoDB DEFAULT CHARSET=utf8mb4 COLLATE=utf8mb4_unicode_ci;

--
-- Fazendo dump de dados para tabela `migrations`
--

INSERT INTO `migrations` (`id`, `migration`, `batch`) VALUES
(1, '2014_10_12_000000_create_users_table', 1),
(2, '2014_10_12_100000_create_password_resets_table', 1),
(3, '2019_01_25_234728_create_technicals_table', 1),
(4, '2019_01_25_234918_create_equipment_models_table', 1),
(5, '2019_01_25_234919_create_equipment_table', 1),
(6, '2019_01_28_160203_create_order_outs_table', 1),
(7, '2019_01_28_160204_create_equipment_controls_table', 1),
(8, '2019_02_07_135324_create_equipment_destinations_table', 1);

-- --------------------------------------------------------

--
-- Estrutura para tabela `order_outs`
--

CREATE TABLE `order_outs` (
  `id` int(10) UNSIGNED NOT NULL,
  `technical_id` int(10) UNSIGNED NOT NULL,
  `order_status` int(11) NOT NULL DEFAULT '1',
  `created_at` timestamp NULL DEFAULT NULL,
  `updated_at` timestamp NULL DEFAULT NULL
) ENGINE=InnoDB DEFAULT CHARSET=utf8mb4 COLLATE=utf8mb4_unicode_ci;

--
-- Fazendo dump de dados para tabela `order_outs`
--

INSERT INTO `order_outs` (`id`, `technical_id`, `order_status`, `created_at`, `updated_at`) VALUES
(1, 1, 2, '2019-02-09 12:21:35', '2019-03-13 20:58:00'),
(2, 4, 2, '2019-02-12 13:35:17', '2019-02-12 13:35:37'),
(3, 1, 2, '2019-02-12 16:55:42', '2019-02-15 13:10:49'),
(4, 1, 2, '2019-02-12 16:56:20', '2019-02-15 13:12:23'),
(5, 2, 2, '2019-02-13 10:48:18', '2019-02-27 12:45:13'),
(6, 3, 2, '2019-02-14 10:59:26', '2019-03-04 18:41:47'),
(7, 1, 2, '2019-02-14 15:48:56', '2019-03-26 17:06:51'),
(8, 3, 2, '2019-02-19 13:37:03', '2019-02-26 19:29:23'),
(9, 1, 2, '2019-02-19 19:54:11', '2019-02-19 20:01:46'),
(10, 1, 2, '2019-02-26 19:08:25', '2019-02-26 19:16:09'),
(11, 2, 2, '2019-02-28 16:40:25', '2019-02-28 16:40:54'),
(12, 3, 2, '2019-03-01 12:28:32', '2019-03-04 18:18:22'),
(13, 3, 2, '2019-03-01 17:08:39', '2019-03-15 14:52:57'),
(14, 2, 2, '2019-03-04 16:55:53', '2019-03-19 18:42:55'),
(15, 2, 2, '2019-03-04 18:06:48', '2019-03-04 18:07:51'),
(16, 2, 2, '2019-03-04 18:11:49', '2019-03-04 18:13:10'),
(17, 2, 2, '2019-03-04 18:12:14', '2019-03-04 18:12:50'),
(18, 3, 2, '2019-03-04 18:24:48', '2019-03-04 18:29:09'),
(19, 1, 2, '2019-03-04 18:31:20', '2019-03-04 18:33:24'),
(20, 2, 2, '2019-03-04 18:34:11', '2019-03-04 18:35:10'),
(21, 4, 2, '2019-03-06 11:54:14', '2019-03-14 11:51:06'),
(22, 2, 2, '2019-03-06 12:00:36', '2019-03-14 11:53:41'),
(23, 5, 2, '2019-03-06 12:43:54', '2019-03-06 13:04:32'),
(24, 5, 2, '2019-03-06 13:05:19', '2019-03-06 13:24:27'),
(25, 2, 2, '2019-03-06 19:56:41', '2019-03-16 11:39:21'),
(26, 2, 2, '2019-03-06 19:58:06', '2019-03-13 20:16:57'),
(27, 5, 2, '2019-03-07 12:10:25', '2019-03-07 12:12:16'),
(28, 5, 2, '2019-03-07 12:13:18', '2019-03-23 14:28:36'),
(29, 2, 2, '2019-03-07 14:13:27', '2019-03-14 11:52:28'),
(30, 1, 2, '2019-03-11 17:07:31', '2019-03-12 13:58:11'),
(31, 1, 2, '2019-03-11 17:10:24', '2019-03-12 11:39:57'),
(32, 1, 2, '2019-03-11 20:39:55', '2019-03-12 13:58:37'),
(33, 4, 2, '2019-03-12 11:42:43', '2019-03-14 11:51:58'),
(34, 3, 2, '2019-03-12 13:47:56', '2019-03-12 13:48:42'),
(35, 2, 2, '2019-03-13 11:44:01', '2019-03-14 11:50:38'),
(36, 2, 2, '2019-03-13 15:01:11', '2019-03-13 15:01:52'),
(37, 2, 2, '2019-03-13 16:48:15', '2019-03-14 11:49:21'),
(38, 2, 2, '2019-03-13 20:18:35', '2019-03-13 20:19:39'),
(39, 1, 2, '2019-03-13 21:17:10', '2019-03-13 21:18:55'),
(40, 1, 2, '2019-03-13 21:23:15', '2019-03-13 21:24:04'),
(41, 2, 2, '2019-03-14 17:29:40', '2019-03-15 13:14:21'),
(42, 1, 2, '2019-03-15 11:49:00', '2019-03-15 20:06:12'),
(43, 2, 2, '2019-03-15 12:06:04', '2019-03-15 19:56:06'),
(44, 1, 1, '2019-03-16 15:17:20', '2019-03-16 15:17:20'),
(45, 3, 2, '2019-03-18 11:43:15', '2019-03-19 16:56:28'),
(46, 3, 2, '2019-03-18 11:54:22', '2019-03-19 18:43:41'),
(47, 3, 2, '2019-03-18 19:36:09', '2019-03-18 20:05:17'),
(48, 2, 2, '2019-03-19 13:33:42', '2019-03-19 13:34:31'),
(49, 1, 2, '2019-03-19 16:45:27', '2019-03-19 20:04:57'),
(50, 3, 2, '2019-03-19 16:49:21', '2019-03-19 19:07:23'),
(51, 1, 2, '2019-03-19 18:50:17', '2019-03-19 18:51:09'),
(52, 1, 2, '2019-03-20 12:04:08', '2019-03-21 14:16:10'),
(53, 2, 2, '2019-03-20 12:32:01', '2019-03-20 12:32:42'),
(54, 2, 2, '2019-03-21 11:34:17', '2019-03-25 11:45:00'),
(55, 1, 2, '2019-03-21 12:06:03', '2019-03-21 19:21:48'),
(56, 1, 2, '2019-03-22 16:48:52', '2019-03-23 14:35:00'),
(57, 1, 2, '2019-03-23 14:36:11', '2019-03-25 11:37:59'),
(58, 2, 2, '2019-03-25 11:47:59', '2019-03-28 11:45:58'),
(59, 2, 2, '2019-03-25 11:52:57', '2019-03-28 11:49:39'),
(60, 1, 2, '2019-03-25 12:13:01', '2019-03-25 20:16:36'),
(61, 1, 2, '2019-03-25 13:05:50', '2019-03-25 20:16:12'),
(62, 1, 2, '2019-03-25 20:17:55', '2019-03-25 20:18:23'),
(63, 1, 2, '2019-03-26 11:55:46', '2019-03-26 12:04:22'),
(64, 2, 2, '2019-03-26 12:04:52', '2019-03-26 14:41:52'),
(65, 1, 2, '2019-03-26 14:42:14', '2019-03-26 14:42:58'),
(66, 1, 2, '2019-03-26 16:49:51', '2019-03-26 20:01:22'),
(67, 1, 2, '2019-03-26 17:49:02', '2019-03-28 16:39:32'),
(68, 1, 2, '2019-03-26 20:10:00', '2019-03-26 20:10:24'),
(69, 3, 2, '2019-03-27 16:41:47', '2019-03-28 11:43:35'),
(70, 1, 2, '2019-03-28 11:40:30', '2019-03-28 14:36:59'),
(71, 2, 2, '2019-03-28 16:44:29', '2019-03-29 17:17:47'),
(72, 1, 2, '2019-03-28 16:45:59', '2019-03-28 19:45:20'),
(73, 1, 2, '2019-03-28 16:50:59', '2019-03-28 19:46:44'),
(74, 2, 2, '2019-03-28 16:55:24', '2019-03-29 16:39:14'),
(75, 2, 2, '2019-03-28 18:35:43', '2019-03-28 18:36:56'),
(76, 2, 2, '2019-03-29 12:05:00', '2019-04-08 12:18:43'),
(77, 4, 2, '2019-03-29 16:57:21', '2019-03-29 19:18:18'),
(78, 3, 2, '2019-03-29 16:59:37', '2019-03-29 19:18:30'),
(79, 4, 2, '2019-03-30 11:51:36', '2019-04-04 19:48:48'),
(80, 1, 2, '2019-03-30 15:07:06', '2019-04-04 19:47:56'),
(81, 2, 2, '2019-04-02 11:57:57', '2019-04-03 11:57:34'),
(82, 2, 2, '2019-04-02 20:37:59', '2019-04-03 11:55:17'),
(83, 2, 2, '2019-04-03 11:59:27', '2019-04-08 12:17:02'),
(84, 2, 1, '2019-04-03 16:42:45', '2019-04-03 16:42:45'),
(85, 1, 2, '2019-04-04 16:34:44', '2019-04-04 18:02:25'),
(86, 2, 2, '2019-04-04 16:50:33', '2019-04-15 16:52:51'),
(87, 1, 2, '2019-04-04 20:08:23', '2019-04-04 20:55:59'),
(88, 1, 2, '2019-04-05 11:49:44', '2019-04-08 19:22:17'),
(89, 2, 2, '2019-04-05 12:00:39', '2019-04-08 12:19:53'),
(90, 2, 2, '2019-04-06 12:04:01', '2019-04-15 11:38:45'),
(91, 1, 2, '2019-04-08 16:49:40', '2019-04-08 19:23:22'),
(92, 2, 2, '2019-04-09 19:30:19', '2019-04-13 11:51:00'),
(93, 2, 2, '2019-04-10 11:52:29', '2019-04-10 11:52:42'),
(94, 1, 2, '2019-04-11 11:38:57', '2019-04-11 11:39:07'),
(95, 1, 2, '2019-04-11 11:40:01', '2019-04-13 11:51:17'),
(96, 1, 2, '2019-04-11 16:59:42', '2019-04-11 20:21:12'),
(97, 3, 2, '2019-04-11 17:06:31', '2019-04-12 11:56:19'),
(98, 4, 2, '2019-04-12 16:45:42', '2019-04-13 11:46:35'),
(99, 4, 2, '2019-04-12 16:46:28', '2019-04-13 11:46:30'),
(100, 2, 1, '2019-04-12 20:27:10', '2019-04-12 20:27:10'),
(101, 1, 2, '2019-04-13 11:51:36', '2019-04-13 11:51:52'),
(102, 2, 2, '2019-04-13 11:54:18', '2019-04-15 11:38:20'),
(103, 1, 1, '2019-04-13 11:56:13', '2019-04-13 11:56:13'),
(104, 2, 2, '2019-04-15 11:51:35', '2019-04-15 16:53:25'),
(105, 2, 1, '2019-04-15 16:54:17', '2019-04-15 16:54:17'),
(106, 2, 2, '2019-04-15 16:55:08', '2019-04-15 16:55:26');

-- --------------------------------------------------------

--
-- Estrutura para tabela `order_out_equipments`
--

CREATE TABLE `order_out_equipments` (
  `id` int(10) UNSIGNED NOT NULL,
  `order_out_id` int(10) UNSIGNED NOT NULL,
  `equipment_id` int(10) UNSIGNED NOT NULL,
  `created_at` timestamp NULL DEFAULT NULL,
  `updated_at` timestamp NULL DEFAULT NULL
) ENGINE=InnoDB DEFAULT CHARSET=utf8mb4 COLLATE=utf8mb4_unicode_ci;

--
-- Fazendo dump de dados para tabela `order_out_equipments`
--

INSERT INTO `order_out_equipments` (`id`, `order_out_id`, `equipment_id`, `created_at`, `updated_at`) VALUES
(1, 1, 10, NULL, NULL),
(2, 1, 14, NULL, NULL),
(3, 2, 16, NULL, NULL),
(4, 2, 19, NULL, NULL),
(5, 3, 13, NULL, NULL),
(6, 4, 7, NULL, NULL),
(7, 5, 5, NULL, NULL),
(8, 5, 12, NULL, NULL),
(9, 6, 21, NULL, NULL),
(10, 7, 9, NULL, NULL),
(11, 7, 22, NULL, NULL),
(12, 7, 23, NULL, NULL),
(13, 8, 38, NULL, NULL),
(14, 9, 11, NULL, NULL),
(15, 10, 61, NULL, NULL),
(16, 11, 4, NULL, NULL),
(17, 12, 2, NULL, NULL),
(18, 12, 55, NULL, NULL),
(19, 13, 3, NULL, NULL),
(20, 13, 51, NULL, NULL),
(21, 14, 83, NULL, NULL),
(22, 15, 45, NULL, NULL),
(23, 16, 48, NULL, NULL),
(24, 17, 84, NULL, NULL),
(25, 18, 2, NULL, NULL),
(26, 18, 55, NULL, NULL),
(27, 19, 8, NULL, NULL),
(28, 19, 57, NULL, NULL),
(29, 20, 5, NULL, NULL),
(30, 20, 47, NULL, NULL),
(31, 21, 77, NULL, NULL),
(32, 22, 59, NULL, NULL),
(33, 23, 86, NULL, NULL),
(34, 24, 1, NULL, NULL),
(35, 25, 86, NULL, NULL),
(36, 26, 44, NULL, NULL),
(37, 27, 62, NULL, NULL),
(38, 28, 62, NULL, NULL),
(39, 29, 10, NULL, NULL),
(40, 30, 58, NULL, NULL),
(41, 31, 89, NULL, NULL),
(42, 32, 90, NULL, NULL),
(43, 33, 24, NULL, NULL),
(44, 33, 54, NULL, NULL),
(45, 34, 91, NULL, NULL),
(46, 35, 49, NULL, NULL),
(47, 35, 53, NULL, NULL),
(48, 35, 65, NULL, NULL),
(49, 35, 82, NULL, NULL),
(50, 36, 52, NULL, NULL),
(51, 37, 119, NULL, NULL),
(52, 38, 74, NULL, NULL),
(53, 39, 27, NULL, NULL),
(54, 39, 50, NULL, NULL),
(55, 39, 56, NULL, NULL),
(56, 40, 120, NULL, NULL),
(57, 41, 53, NULL, NULL),
(58, 41, 122, NULL, NULL),
(59, 42, 49, NULL, NULL),
(60, 42, 114, NULL, NULL),
(61, 42, 116, NULL, NULL),
(62, 43, 85, NULL, NULL),
(63, 43, 124, NULL, NULL),
(64, 43, 125, NULL, NULL),
(65, 44, 112, NULL, NULL),
(66, 44, 137, NULL, NULL),
(67, 45, 119, NULL, NULL),
(68, 46, 117, NULL, NULL),
(69, 46, 138, NULL, NULL),
(70, 47, 49, NULL, NULL),
(71, 48, 99, NULL, NULL),
(72, 49, 28, NULL, NULL),
(73, 49, 41, NULL, NULL),
(74, 49, 49, NULL, NULL),
(75, 49, 67, NULL, NULL),
(76, 49, 116, NULL, NULL),
(77, 50, 43, NULL, NULL),
(78, 51, 107, NULL, NULL),
(79, 52, 124, NULL, NULL),
(80, 52, 128, NULL, NULL),
(81, 53, 136, NULL, NULL),
(82, 54, 30, NULL, NULL),
(83, 54, 89, NULL, NULL),
(84, 54, 119, NULL, NULL),
(85, 55, 39, NULL, NULL),
(86, 55, 63, NULL, NULL),
(87, 56, 39, NULL, NULL),
(88, 56, 63, NULL, NULL),
(89, 57, 41, NULL, NULL),
(90, 57, 133, NULL, NULL),
(91, 58, 146, NULL, NULL),
(92, 59, 132, NULL, NULL),
(93, 60, 143, NULL, NULL),
(94, 61, 30, NULL, NULL),
(95, 62, 63, NULL, NULL),
(96, 63, 39, NULL, NULL),
(97, 63, 59, NULL, NULL),
(98, 64, 39, NULL, NULL),
(99, 64, 59, NULL, NULL),
(100, 65, 39, NULL, NULL),
(101, 65, 59, NULL, NULL),
(102, 66, 41, NULL, NULL),
(103, 66, 143, NULL, NULL),
(104, 67, 36, NULL, NULL),
(105, 68, 148, NULL, NULL),
(106, 69, 40, NULL, NULL),
(107, 69, 89, NULL, NULL),
(108, 69, 96, NULL, NULL),
(109, 70, 85, NULL, NULL),
(110, 71, 40, NULL, NULL),
(111, 71, 96, NULL, NULL),
(112, 71, 134, NULL, NULL),
(113, 71, 149, NULL, NULL),
(114, 72, 18, NULL, NULL),
(115, 72, 132, NULL, NULL),
(116, 73, 130, NULL, NULL),
(117, 74, 29, NULL, NULL),
(118, 75, 150, NULL, NULL),
(119, 76, 89, NULL, NULL),
(120, 76, 144, NULL, NULL),
(121, 77, 138, NULL, NULL),
(122, 78, 117, NULL, NULL),
(123, 79, 141, NULL, NULL),
(124, 80, 152, NULL, NULL),
(125, 81, 36, NULL, NULL),
(126, 81, 119, NULL, NULL),
(127, 81, 153, NULL, NULL),
(128, 82, 32, NULL, NULL),
(129, 83, 37, NULL, NULL),
(130, 83, 158, NULL, NULL),
(131, 83, 159, NULL, NULL),
(132, 84, 117, NULL, NULL),
(133, 84, 149, NULL, NULL),
(134, 85, 89, NULL, NULL),
(135, 86, 119, NULL, NULL),
(136, 86, 134, NULL, NULL),
(137, 86, 154, NULL, NULL),
(138, 87, 87, NULL, NULL),
(139, 88, 31, NULL, NULL),
(140, 88, 89, NULL, NULL),
(141, 88, 102, NULL, NULL),
(142, 88, 105, NULL, NULL),
(143, 88, 129, NULL, NULL),
(144, 89, 97, NULL, NULL),
(145, 90, 34, NULL, NULL),
(146, 90, 35, NULL, NULL),
(147, 90, 92, NULL, NULL),
(148, 90, 162, NULL, NULL),
(149, 91, 135, NULL, NULL),
(150, 91, 139, NULL, NULL),
(151, 92, 74, NULL, NULL),
(152, 92, 123, NULL, NULL),
(153, 93, 164, NULL, NULL),
(154, 94, 165, NULL, NULL),
(155, 95, 117, NULL, NULL),
(156, 95, 165, NULL, NULL),
(157, 96, 118, NULL, NULL),
(158, 97, 89, NULL, NULL),
(159, 98, 114, NULL, NULL),
(160, 98, 171, NULL, NULL),
(161, 99, 114, NULL, NULL),
(162, 99, 171, NULL, NULL),
(163, 100, 94, NULL, NULL),
(164, 100, 166, NULL, NULL),
(165, 101, 167, NULL, NULL),
(166, 102, 167, NULL, NULL),
(167, 103, 102, NULL, NULL),
(168, 104, 95, NULL, NULL),
(169, 105, 160, NULL, NULL),
(170, 105, 179, NULL, NULL),
(171, 105, 190, NULL, NULL),
(172, 106, 170, NULL, NULL);

-- --------------------------------------------------------

--
-- Estrutura para tabela `password_resets`
--

CREATE TABLE `password_resets` (
  `email` varchar(191) COLLATE utf8mb4_unicode_ci NOT NULL,
  `token` varchar(191) COLLATE utf8mb4_unicode_ci NOT NULL,
  `created_at` timestamp NULL DEFAULT NULL
) ENGINE=InnoDB DEFAULT CHARSET=utf8mb4 COLLATE=utf8mb4_unicode_ci;

-- --------------------------------------------------------

--
-- Estrutura para tabela `technicals`
--

CREATE TABLE `technicals` (
  `id` int(10) UNSIGNED NOT NULL,
  `name` varchar(191) COLLATE utf8mb4_unicode_ci NOT NULL,
  `fone` varchar(191) COLLATE utf8mb4_unicode_ci NOT NULL,
  `created_at` timestamp NULL DEFAULT NULL,
  `updated_at` timestamp NULL DEFAULT NULL
) ENGINE=InnoDB DEFAULT CHARSET=utf8mb4 COLLATE=utf8mb4_unicode_ci;

--
-- Fazendo dump de dados para tabela `technicals`
--

INSERT INTO `technicals` (`id`, `name`, `fone`, `created_at`, `updated_at`) VALUES
(1, 'Marcos Luciano Lopes Rodriguez', 's/n', '2019-02-08 17:23:26', '2019-02-08 17:23:26'),
(2, 'Luciano da Silva', 's/n', '2019-02-08 17:23:42', '2019-02-08 17:23:42'),
(3, 'William Robert Pimentel', '(48) 9 9918-6741', '2019-02-08 17:23:55', '2019-03-21 12:30:26'),
(4, 'Paulo Roberto da Silva Junior', 's/n', '2019-02-08 17:24:21', '2019-02-08 17:24:21'),
(5, 'Janderson Sena', 's/n', '2019-03-06 12:43:26', '2019-03-06 12:45:36');

-- --------------------------------------------------------

--
-- Estrutura para tabela `users`
--

CREATE TABLE `users` (
  `id` int(10) UNSIGNED NOT NULL,
  `name` varchar(191) COLLATE utf8mb4_unicode_ci NOT NULL,
  `email` varchar(191) COLLATE utf8mb4_unicode_ci NOT NULL,
  `email_verified_at` timestamp NULL DEFAULT NULL,
  `password` varchar(191) COLLATE utf8mb4_unicode_ci NOT NULL,
  `remember_token` varchar(100) COLLATE utf8mb4_unicode_ci DEFAULT NULL,
  `created_at` timestamp NULL DEFAULT NULL,
  `updated_at` timestamp NULL DEFAULT NULL
) ENGINE=InnoDB DEFAULT CHARSET=utf8mb4 COLLATE=utf8mb4_unicode_ci;

--
-- Fazendo dump de dados para tabela `users`
--

INSERT INTO `users` (`id`, `name`, `email`, `email_verified_at`, `password`, `remember_token`, `created_at`, `updated_at`) VALUES
(1, 'Willian Woiciechoski', 'wwoiciechoski@gmail.com', NULL, '$2y$10$sapNQ1DrGwWxheHvTTKfZeH2suap.t6VDVeJh31Oxu0VcxX.Z6XIW', 'JPcFqWG2EsTd8qbyNsdcisJcG4OMgiL9b8Di75PeKrpFYP8hA3FKaaoUTWvl', '2019-02-08 17:22:38', '2019-02-08 17:22:38'),
(2, 'Juliana Roberta da Silva', 'juroberta.3012@gmail.com', NULL, '$2y$10$2ic79ORownYpP/BrL/p87eydohv6I4vs4rgvFe50a3P2VsJ0L/NUK', NULL, '2019-02-08 19:52:42', '2019-02-08 19:52:42'),
(3, 'Luciane Berner', 'sany_floripa@hotmail.com', NULL, '$2y$10$Kwb6WmMdWfrX.X6RbcerSeg1e4GJke5Z4cc/JAMBnmpB33xXx6dwG', 'JoGUbY9LcO0C2rwNmAXEW3znsl1rYTlDlqQoyx6QHc4VERvpzLCv2q7RTpYL', '2019-02-12 13:32:55', '2019-02-12 13:32:55');

--
-- Índices de tabelas apagadas
--

--
-- Índices de tabela `equipment`
--
ALTER TABLE `equipment`
  ADD PRIMARY KEY (`id`),
  ADD KEY `equipment_model_foreign` (`model`);

--
-- Índices de tabela `equipment_destinations`
--
ALTER TABLE `equipment_destinations`
  ADD PRIMARY KEY (`id`),
  ADD KEY `equipment_destinations_equipmentid_foreign` (`equipmentId`),
  ADD KEY `equipment_destinations_orderoutid_foreign` (`orderOutId`);

--
-- Índices de tabela `equipment_models`
--
ALTER TABLE `equipment_models`
  ADD PRIMARY KEY (`id`);

--
-- Índices de tabela `migrations`
--
ALTER TABLE `migrations`
  ADD PRIMARY KEY (`id`);

--
-- Índices de tabela `order_outs`
--
ALTER TABLE `order_outs`
  ADD PRIMARY KEY (`id`),
  ADD KEY `order_outs_technical_id_foreign` (`technical_id`);

--
-- Índices de tabela `order_out_equipments`
--
ALTER TABLE `order_out_equipments`
  ADD PRIMARY KEY (`id`),
  ADD KEY `order_out_equipments_order_out_id_foreign` (`order_out_id`),
  ADD KEY `order_out_equipments_equipment_id_foreign` (`equipment_id`);

--
-- Índices de tabela `password_resets`
--
ALTER TABLE `password_resets`
  ADD KEY `password_resets_email_index` (`email`);

--
-- Índices de tabela `technicals`
--
ALTER TABLE `technicals`
  ADD PRIMARY KEY (`id`);

--
-- Índices de tabela `users`
--
ALTER TABLE `users`
  ADD PRIMARY KEY (`id`),
  ADD UNIQUE KEY `users_email_unique` (`email`);

--
-- AUTO_INCREMENT de tabelas apagadas
--

--
-- AUTO_INCREMENT de tabela `equipment`
--
ALTER TABLE `equipment`
  MODIFY `id` int(10) UNSIGNED NOT NULL AUTO_INCREMENT, AUTO_INCREMENT=191;

--
-- AUTO_INCREMENT de tabela `equipment_destinations`
--
ALTER TABLE `equipment_destinations`
  MODIFY `id` int(10) UNSIGNED NOT NULL AUTO_INCREMENT, AUTO_INCREMENT=99;

--
-- AUTO_INCREMENT de tabela `equipment_models`
--
ALTER TABLE `equipment_models`
  MODIFY `id` int(10) UNSIGNED NOT NULL AUTO_INCREMENT, AUTO_INCREMENT=22;

--
-- AUTO_INCREMENT de tabela `migrations`
--
ALTER TABLE `migrations`
  MODIFY `id` int(10) UNSIGNED NOT NULL AUTO_INCREMENT, AUTO_INCREMENT=9;

--
-- AUTO_INCREMENT de tabela `order_outs`
--
ALTER TABLE `order_outs`
  MODIFY `id` int(10) UNSIGNED NOT NULL AUTO_INCREMENT, AUTO_INCREMENT=107;

--
-- AUTO_INCREMENT de tabela `order_out_equipments`
--
ALTER TABLE `order_out_equipments`
  MODIFY `id` int(10) UNSIGNED NOT NULL AUTO_INCREMENT, AUTO_INCREMENT=173;

--
-- AUTO_INCREMENT de tabela `technicals`
--
ALTER TABLE `technicals`
  MODIFY `id` int(10) UNSIGNED NOT NULL AUTO_INCREMENT, AUTO_INCREMENT=6;

--
-- AUTO_INCREMENT de tabela `users`
--
ALTER TABLE `users`
  MODIFY `id` int(10) UNSIGNED NOT NULL AUTO_INCREMENT, AUTO_INCREMENT=4;

--
-- Restrições para dumps de tabelas
--

--
-- Restrições para tabelas `equipment`
--
ALTER TABLE `equipment`
  ADD CONSTRAINT `equipment_model_foreign` FOREIGN KEY (`model`) REFERENCES `equipment_models` (`id`);

--
-- Restrições para tabelas `equipment_destinations`
--
ALTER TABLE `equipment_destinations`
  ADD CONSTRAINT `equipment_destinations_equipmentid_foreign` FOREIGN KEY (`equipmentId`) REFERENCES `equipment` (`id`),
  ADD CONSTRAINT `equipment_destinations_orderoutid_foreign` FOREIGN KEY (`orderOutId`) REFERENCES `order_outs` (`id`);

--
-- Restrições para tabelas `order_outs`
--
ALTER TABLE `order_outs`
  ADD CONSTRAINT `order_outs_technical_id_foreign` FOREIGN KEY (`technical_id`) REFERENCES `technicals` (`id`);

--
-- Restrições para tabelas `order_out_equipments`
--
ALTER TABLE `order_out_equipments`
  ADD CONSTRAINT `order_out_equipments_equipment_id_foreign` FOREIGN KEY (`equipment_id`) REFERENCES `equipment` (`id`),
  ADD CONSTRAINT `order_out_equipments_order_out_id_foreign` FOREIGN KEY (`order_out_id`) REFERENCES `order_outs` (`id`);
COMMIT;

/*!40101 SET CHARACTER_SET_CLIENT=@OLD_CHARACTER_SET_CLIENT */;
/*!40101 SET CHARACTER_SET_RESULTS=@OLD_CHARACTER_SET_RESULTS */;
/*!40101 SET COLLATION_CONNECTION=@OLD_COLLATION_CONNECTION */;
